start,end,resource,detail
16,20,"MEM.GateUp.Linear1x16.Activation.Read","reduction=0 K=0..127"
20,21,"MXM.GateUp.Linear1x16.Load","activation buffer=0"
7,218,"MEM.GateUp.Linear1x16.Weight.Read","reduction=0 waves=192 columns stagger=4 cycles"
22,214,"MXM.GateUp.Linear1x16.Compute","reduction=0 dst=sram"
214,229,"MXM.GateUp.Linear1x16.Tail","final launched wave drains through 16-cell chain"
210,214,"MEM.GateUp.Linear1x16.Activation.Read","reduction=1 K=128..255"
214,215,"MXM.GateUp.Linear1x16.Load","activation buffer=1"
201,412,"MEM.GateUp.Linear1x16.Weight.Read","reduction=1 waves=192 columns stagger=4 cycles"
216,408,"MXM.GateUp.Linear1x16.Compute","reduction=1 dst=sram"
408,423,"MXM.GateUp.Linear1x16.Tail","final launched wave drains through 16-cell chain"
404,408,"MEM.GateUp.Linear1x16.Activation.Read","reduction=2 K=256..383"
408,409,"MXM.GateUp.Linear1x16.Load","activation buffer=0"
395,606,"MEM.GateUp.Linear1x16.Weight.Read","reduction=2 waves=192 columns stagger=4 cycles"
410,602,"MXM.GateUp.Linear1x16.Compute","reduction=2 dst=sram"
602,617,"MXM.GateUp.Linear1x16.Tail","final launched wave drains through 16-cell chain"
598,602,"MEM.GateUp.Linear1x16.Activation.Read","reduction=3 K=384..511"
602,603,"MXM.GateUp.Linear1x16.Load","activation buffer=1"
589,800,"MEM.GateUp.Linear1x16.Weight.Read","reduction=3 waves=192 columns stagger=4 cycles"
604,796,"MXM.GateUp.Linear1x16.Compute","reduction=3 dst=sram"
796,811,"MXM.GateUp.Linear1x16.Tail","final launched wave drains through 16-cell chain"
792,796,"MEM.GateUp.Linear1x16.Activation.Read","reduction=4 K=512..575"
796,797,"MXM.GateUp.Linear1x16.Load","activation buffer=0"
783,994,"MEM.GateUp.Linear1x16.Weight.Read","reduction=4 waves=192 columns stagger=4 cycles"
798,990,"MXM.GateUp.Linear1x16.Compute","reduction=4 dst=stream+clear"
990,1005,"MXM.GateUp.Linear1x16.Tail","final launched wave drains through 16-cell chain"
817,1009,"MEM.GateUp.Linear1x16.Output.Write","BF16 outputs=1536"
17,20,"MEM.GateUp.Native4x4.Activation.Read","reduction=0 K=0..31"
20,21,"MXM.GateUp.Native4x4.Load","activation buffer=0"
9,67,"MEM.GateUp.Native4x4.Weight.Read","reduction=0 waves=48 columns stagger=1 cycle"
24,72,"MXM.GateUp.Native4x4.Compute","reduction=0 dst=sram"
72,78,"MXM.GateUp.Native4x4.Tail","final launched wave drains through 4x4 diagonal"
69,72,"MEM.GateUp.Native4x4.Activation.Read","reduction=1 K=32..63"
72,73,"MXM.GateUp.Native4x4.Load","activation buffer=1"
61,119,"MEM.GateUp.Native4x4.Weight.Read","reduction=1 waves=48 columns stagger=1 cycle"
76,124,"MXM.GateUp.Native4x4.Compute","reduction=1 dst=sram"
124,130,"MXM.GateUp.Native4x4.Tail","final launched wave drains through 4x4 diagonal"
121,124,"MEM.GateUp.Native4x4.Activation.Read","reduction=2 K=64..95"
124,125,"MXM.GateUp.Native4x4.Load","activation buffer=0"
113,171,"MEM.GateUp.Native4x4.Weight.Read","reduction=2 waves=48 columns stagger=1 cycle"
128,176,"MXM.GateUp.Native4x4.Compute","reduction=2 dst=sram"
176,182,"MXM.GateUp.Native4x4.Tail","final launched wave drains through 4x4 diagonal"
173,176,"MEM.GateUp.Native4x4.Activation.Read","reduction=3 K=96..127"
176,177,"MXM.GateUp.Native4x4.Load","activation buffer=1"
165,223,"MEM.GateUp.Native4x4.Weight.Read","reduction=3 waves=48 columns stagger=1 cycle"
180,228,"MXM.GateUp.Native4x4.Compute","reduction=3 dst=sram"
228,234,"MXM.GateUp.Native4x4.Tail","final launched wave drains through 4x4 diagonal"
225,228,"MEM.GateUp.Native4x4.Activation.Read","reduction=4 K=128..159"
228,229,"MXM.GateUp.Native4x4.Load","activation buffer=0"
217,275,"MEM.GateUp.Native4x4.Weight.Read","reduction=4 waves=48 columns stagger=1 cycle"
232,280,"MXM.GateUp.Native4x4.Compute","reduction=4 dst=sram"
280,286,"MXM.GateUp.Native4x4.Tail","final launched wave drains through 4x4 diagonal"
277,280,"MEM.GateUp.Native4x4.Activation.Read","reduction=5 K=160..191"
280,281,"MXM.GateUp.Native4x4.Load","activation buffer=1"
269,327,"MEM.GateUp.Native4x4.Weight.Read","reduction=5 waves=48 columns stagger=1 cycle"
284,332,"MXM.GateUp.Native4x4.Compute","reduction=5 dst=sram"
332,338,"MXM.GateUp.Native4x4.Tail","final launched wave drains through 4x4 diagonal"
329,332,"MEM.GateUp.Native4x4.Activation.Read","reduction=6 K=192..223"
332,333,"MXM.GateUp.Native4x4.Load","activation buffer=0"
321,379,"MEM.GateUp.Native4x4.Weight.Read","reduction=6 waves=48 columns stagger=1 cycle"
336,384,"MXM.GateUp.Native4x4.Compute","reduction=6 dst=sram"
384,390,"MXM.GateUp.Native4x4.Tail","final launched wave drains through 4x4 diagonal"
381,384,"MEM.GateUp.Native4x4.Activation.Read","reduction=7 K=224..255"
384,385,"MXM.GateUp.Native4x4.Load","activation buffer=1"
373,431,"MEM.GateUp.Native4x4.Weight.Read","reduction=7 waves=48 columns stagger=1 cycle"
388,436,"MXM.GateUp.Native4x4.Compute","reduction=7 dst=sram"
436,442,"MXM.GateUp.Native4x4.Tail","final launched wave drains through 4x4 diagonal"
433,436,"MEM.GateUp.Native4x4.Activation.Read","reduction=8 K=256..287"
436,437,"MXM.GateUp.Native4x4.Load","activation buffer=0"
425,483,"MEM.GateUp.Native4x4.Weight.Read","reduction=8 waves=48 columns stagger=1 cycle"
440,488,"MXM.GateUp.Native4x4.Compute","reduction=8 dst=sram"
488,494,"MXM.GateUp.Native4x4.Tail","final launched wave drains through 4x4 diagonal"
485,488,"MEM.GateUp.Native4x4.Activation.Read","reduction=9 K=288..319"
488,489,"MXM.GateUp.Native4x4.Load","activation buffer=1"
477,535,"MEM.GateUp.Native4x4.Weight.Read","reduction=9 waves=48 columns stagger=1 cycle"
492,540,"MXM.GateUp.Native4x4.Compute","reduction=9 dst=sram"
540,546,"MXM.GateUp.Native4x4.Tail","final launched wave drains through 4x4 diagonal"
537,540,"MEM.GateUp.Native4x4.Activation.Read","reduction=10 K=320..351"
540,541,"MXM.GateUp.Native4x4.Load","activation buffer=0"
529,587,"MEM.GateUp.Native4x4.Weight.Read","reduction=10 waves=48 columns stagger=1 cycle"
544,592,"MXM.GateUp.Native4x4.Compute","reduction=10 dst=sram"
592,598,"MXM.GateUp.Native4x4.Tail","final launched wave drains through 4x4 diagonal"
589,592,"MEM.GateUp.Native4x4.Activation.Read","reduction=11 K=352..383"
592,593,"MXM.GateUp.Native4x4.Load","activation buffer=1"
581,639,"MEM.GateUp.Native4x4.Weight.Read","reduction=11 waves=48 columns stagger=1 cycle"
596,644,"MXM.GateUp.Native4x4.Compute","reduction=11 dst=sram"
644,650,"MXM.GateUp.Native4x4.Tail","final launched wave drains through 4x4 diagonal"
641,644,"MEM.GateUp.Native4x4.Activation.Read","reduction=12 K=384..415"
644,645,"MXM.GateUp.Native4x4.Load","activation buffer=0"
633,691,"MEM.GateUp.Native4x4.Weight.Read","reduction=12 waves=48 columns stagger=1 cycle"
648,696,"MXM.GateUp.Native4x4.Compute","reduction=12 dst=sram"
696,702,"MXM.GateUp.Native4x4.Tail","final launched wave drains through 4x4 diagonal"
693,696,"MEM.GateUp.Native4x4.Activation.Read","reduction=13 K=416..447"
696,697,"MXM.GateUp.Native4x4.Load","activation buffer=1"
685,743,"MEM.GateUp.Native4x4.Weight.Read","reduction=13 waves=48 columns stagger=1 cycle"
700,748,"MXM.GateUp.Native4x4.Compute","reduction=13 dst=sram"
748,754,"MXM.GateUp.Native4x4.Tail","final launched wave drains through 4x4 diagonal"
745,748,"MEM.GateUp.Native4x4.Activation.Read","reduction=14 K=448..479"
748,749,"MXM.GateUp.Native4x4.Load","activation buffer=0"
737,795,"MEM.GateUp.Native4x4.Weight.Read","reduction=14 waves=48 columns stagger=1 cycle"
752,800,"MXM.GateUp.Native4x4.Compute","reduction=14 dst=sram"
800,806,"MXM.GateUp.Native4x4.Tail","final launched wave drains through 4x4 diagonal"
797,800,"MEM.GateUp.Native4x4.Activation.Read","reduction=15 K=480..511"
800,801,"MXM.GateUp.Native4x4.Load","activation buffer=1"
789,847,"MEM.GateUp.Native4x4.Weight.Read","reduction=15 waves=48 columns stagger=1 cycle"
804,852,"MXM.GateUp.Native4x4.Compute","reduction=15 dst=sram"
852,858,"MXM.GateUp.Native4x4.Tail","final launched wave drains through 4x4 diagonal"
849,852,"MEM.GateUp.Native4x4.Activation.Read","reduction=16 K=512..543"
852,853,"MXM.GateUp.Native4x4.Load","activation buffer=0"
841,899,"MEM.GateUp.Native4x4.Weight.Read","reduction=16 waves=48 columns stagger=1 cycle"
856,904,"MXM.GateUp.Native4x4.Compute","reduction=16 dst=sram"
904,910,"MXM.GateUp.Native4x4.Tail","final launched wave drains through 4x4 diagonal"
901,904,"MEM.GateUp.Native4x4.Activation.Read","reduction=17 K=544..575"
904,905,"MXM.GateUp.Native4x4.Load","activation buffer=1"
893,951,"MEM.GateUp.Native4x4.Weight.Read","reduction=17 waves=48 columns stagger=1 cycle"
908,956,"MXM.GateUp.Native4x4.Compute","reduction=17 dst=stream+clear"
956,962,"MXM.GateUp.Native4x4.Tail","final launched wave drains through 4x4 diagonal"
918,966,"MEM.GateUp.Native4x4.Output.Write","BF16 outputs=1536"
16,20,"MEM.DownHalf.Linear1x16.Activation.Read","reduction=0 K=0..127"
20,21,"MXM.DownHalf.Linear1x16.Load","activation buffer=0"
7,62,"MEM.DownHalf.Linear1x16.Weight.Read","reduction=0 waves=36 columns stagger=4 cycles"
22,58,"MXM.DownHalf.Linear1x16.Compute","reduction=0 dst=sram"
58,73,"MXM.DownHalf.Linear1x16.Tail","final launched wave drains through 16-cell chain"
54,58,"MEM.DownHalf.Linear1x16.Activation.Read","reduction=1 K=128..255"
58,59,"MXM.DownHalf.Linear1x16.Load","activation buffer=1"
45,100,"MEM.DownHalf.Linear1x16.Weight.Read","reduction=1 waves=36 columns stagger=4 cycles"
60,96,"MXM.DownHalf.Linear1x16.Compute","reduction=1 dst=sram"
96,111,"MXM.DownHalf.Linear1x16.Tail","final launched wave drains through 16-cell chain"
92,96,"MEM.DownHalf.Linear1x16.Activation.Read","reduction=2 K=256..383"
96,97,"MXM.DownHalf.Linear1x16.Load","activation buffer=0"
83,138,"MEM.DownHalf.Linear1x16.Weight.Read","reduction=2 waves=36 columns stagger=4 cycles"
98,134,"MXM.DownHalf.Linear1x16.Compute","reduction=2 dst=sram"
134,149,"MXM.DownHalf.Linear1x16.Tail","final launched wave drains through 16-cell chain"
130,134,"MEM.DownHalf.Linear1x16.Activation.Read","reduction=3 K=384..511"
134,135,"MXM.DownHalf.Linear1x16.Load","activation buffer=1"
121,176,"MEM.DownHalf.Linear1x16.Weight.Read","reduction=3 waves=36 columns stagger=4 cycles"
136,172,"MXM.DownHalf.Linear1x16.Compute","reduction=3 dst=sram"
172,187,"MXM.DownHalf.Linear1x16.Tail","final launched wave drains through 16-cell chain"
168,172,"MEM.DownHalf.Linear1x16.Activation.Read","reduction=4 K=512..639"
172,173,"MXM.DownHalf.Linear1x16.Load","activation buffer=0"
159,214,"MEM.DownHalf.Linear1x16.Weight.Read","reduction=4 waves=36 columns stagger=4 cycles"
174,210,"MXM.DownHalf.Linear1x16.Compute","reduction=4 dst=sram"
210,225,"MXM.DownHalf.Linear1x16.Tail","final launched wave drains through 16-cell chain"
206,210,"MEM.DownHalf.Linear1x16.Activation.Read","reduction=5 K=640..767"
210,211,"MXM.DownHalf.Linear1x16.Load","activation buffer=1"
197,252,"MEM.DownHalf.Linear1x16.Weight.Read","reduction=5 waves=36 columns stagger=4 cycles"
212,248,"MXM.DownHalf.Linear1x16.Compute","reduction=5 dst=sram"
248,263,"MXM.DownHalf.Linear1x16.Tail","final launched wave drains through 16-cell chain"
244,248,"MEM.DownHalf.Linear1x16.Activation.Read","reduction=6 K=768..895"
248,249,"MXM.DownHalf.Linear1x16.Load","activation buffer=0"
235,290,"MEM.DownHalf.Linear1x16.Weight.Read","reduction=6 waves=36 columns stagger=4 cycles"
250,286,"MXM.DownHalf.Linear1x16.Compute","reduction=6 dst=sram"
286,301,"MXM.DownHalf.Linear1x16.Tail","final launched wave drains through 16-cell chain"
282,286,"MEM.DownHalf.Linear1x16.Activation.Read","reduction=7 K=896..1023"
286,287,"MXM.DownHalf.Linear1x16.Load","activation buffer=1"
273,328,"MEM.DownHalf.Linear1x16.Weight.Read","reduction=7 waves=36 columns stagger=4 cycles"
288,324,"MXM.DownHalf.Linear1x16.Compute","reduction=7 dst=sram"
324,339,"MXM.DownHalf.Linear1x16.Tail","final launched wave drains through 16-cell chain"
320,324,"MEM.DownHalf.Linear1x16.Activation.Read","reduction=8 K=1024..1151"
324,325,"MXM.DownHalf.Linear1x16.Load","activation buffer=0"
311,366,"MEM.DownHalf.Linear1x16.Weight.Read","reduction=8 waves=36 columns stagger=4 cycles"
326,362,"MXM.DownHalf.Linear1x16.Compute","reduction=8 dst=sram"
362,377,"MXM.DownHalf.Linear1x16.Tail","final launched wave drains through 16-cell chain"
358,362,"MEM.DownHalf.Linear1x16.Activation.Read","reduction=9 K=1152..1279"
362,363,"MXM.DownHalf.Linear1x16.Load","activation buffer=1"
349,404,"MEM.DownHalf.Linear1x16.Weight.Read","reduction=9 waves=36 columns stagger=4 cycles"
364,400,"MXM.DownHalf.Linear1x16.Compute","reduction=9 dst=sram"
400,415,"MXM.DownHalf.Linear1x16.Tail","final launched wave drains through 16-cell chain"
396,400,"MEM.DownHalf.Linear1x16.Activation.Read","reduction=10 K=1280..1407"
400,401,"MXM.DownHalf.Linear1x16.Load","activation buffer=0"
387,442,"MEM.DownHalf.Linear1x16.Weight.Read","reduction=10 waves=36 columns stagger=4 cycles"
402,438,"MXM.DownHalf.Linear1x16.Compute","reduction=10 dst=sram"
438,453,"MXM.DownHalf.Linear1x16.Tail","final launched wave drains through 16-cell chain"
434,438,"MEM.DownHalf.Linear1x16.Activation.Read","reduction=11 K=1408..1535"
438,439,"MXM.DownHalf.Linear1x16.Load","activation buffer=1"
425,480,"MEM.DownHalf.Linear1x16.Weight.Read","reduction=11 waves=36 columns stagger=4 cycles"
440,476,"MXM.DownHalf.Linear1x16.Compute","reduction=11 dst=stream+clear"
476,491,"MXM.DownHalf.Linear1x16.Tail","final launched wave drains through 16-cell chain"
459,495,"MEM.DownHalf.Linear1x16.Output.Write","BF16 outputs=288"
17,20,"MEM.DownHalf.Native4x4.Activation.Read","reduction=0 K=0..31"
20,21,"MXM.DownHalf.Native4x4.Load","activation buffer=0"
9,28,"MEM.DownHalf.Native4x4.Weight.Read","reduction=0 waves=9 columns stagger=1 cycle"
24,33,"MXM.DownHalf.Native4x4.Compute","reduction=0 dst=sram"
33,39,"MXM.DownHalf.Native4x4.Tail","final launched wave drains through 4x4 diagonal"
30,33,"MEM.DownHalf.Native4x4.Activation.Read","reduction=1 K=32..63"
33,34,"MXM.DownHalf.Native4x4.Load","activation buffer=1"
22,41,"MEM.DownHalf.Native4x4.Weight.Read","reduction=1 waves=9 columns stagger=1 cycle"
37,46,"MXM.DownHalf.Native4x4.Compute","reduction=1 dst=sram"
46,52,"MXM.DownHalf.Native4x4.Tail","final launched wave drains through 4x4 diagonal"
43,46,"MEM.DownHalf.Native4x4.Activation.Read","reduction=2 K=64..95"
46,47,"MXM.DownHalf.Native4x4.Load","activation buffer=0"
35,54,"MEM.DownHalf.Native4x4.Weight.Read","reduction=2 waves=9 columns stagger=1 cycle"
50,59,"MXM.DownHalf.Native4x4.Compute","reduction=2 dst=sram"
59,65,"MXM.DownHalf.Native4x4.Tail","final launched wave drains through 4x4 diagonal"
56,59,"MEM.DownHalf.Native4x4.Activation.Read","reduction=3 K=96..127"
59,60,"MXM.DownHalf.Native4x4.Load","activation buffer=1"
48,67,"MEM.DownHalf.Native4x4.Weight.Read","reduction=3 waves=9 columns stagger=1 cycle"
63,72,"MXM.DownHalf.Native4x4.Compute","reduction=3 dst=sram"
72,78,"MXM.DownHalf.Native4x4.Tail","final launched wave drains through 4x4 diagonal"
69,72,"MEM.DownHalf.Native4x4.Activation.Read","reduction=4 K=128..159"
72,73,"MXM.DownHalf.Native4x4.Load","activation buffer=0"
61,80,"MEM.DownHalf.Native4x4.Weight.Read","reduction=4 waves=9 columns stagger=1 cycle"
76,85,"MXM.DownHalf.Native4x4.Compute","reduction=4 dst=sram"
85,91,"MXM.DownHalf.Native4x4.Tail","final launched wave drains through 4x4 diagonal"
82,85,"MEM.DownHalf.Native4x4.Activation.Read","reduction=5 K=160..191"
85,86,"MXM.DownHalf.Native4x4.Load","activation buffer=1"
74,93,"MEM.DownHalf.Native4x4.Weight.Read","reduction=5 waves=9 columns stagger=1 cycle"
89,98,"MXM.DownHalf.Native4x4.Compute","reduction=5 dst=sram"
98,104,"MXM.DownHalf.Native4x4.Tail","final launched wave drains through 4x4 diagonal"
95,98,"MEM.DownHalf.Native4x4.Activation.Read","reduction=6 K=192..223"
98,99,"MXM.DownHalf.Native4x4.Load","activation buffer=0"
87,106,"MEM.DownHalf.Native4x4.Weight.Read","reduction=6 waves=9 columns stagger=1 cycle"
102,111,"MXM.DownHalf.Native4x4.Compute","reduction=6 dst=sram"
111,117,"MXM.DownHalf.Native4x4.Tail","final launched wave drains through 4x4 diagonal"
108,111,"MEM.DownHalf.Native4x4.Activation.Read","reduction=7 K=224..255"
111,112,"MXM.DownHalf.Native4x4.Load","activation buffer=1"
100,119,"MEM.DownHalf.Native4x4.Weight.Read","reduction=7 waves=9 columns stagger=1 cycle"
115,124,"MXM.DownHalf.Native4x4.Compute","reduction=7 dst=sram"
124,130,"MXM.DownHalf.Native4x4.Tail","final launched wave drains through 4x4 diagonal"
121,124,"MEM.DownHalf.Native4x4.Activation.Read","reduction=8 K=256..287"
124,125,"MXM.DownHalf.Native4x4.Load","activation buffer=0"
113,132,"MEM.DownHalf.Native4x4.Weight.Read","reduction=8 waves=9 columns stagger=1 cycle"
128,137,"MXM.DownHalf.Native4x4.Compute","reduction=8 dst=sram"
137,143,"MXM.DownHalf.Native4x4.Tail","final launched wave drains through 4x4 diagonal"
134,137,"MEM.DownHalf.Native4x4.Activation.Read","reduction=9 K=288..319"
137,138,"MXM.DownHalf.Native4x4.Load","activation buffer=1"
126,145,"MEM.DownHalf.Native4x4.Weight.Read","reduction=9 waves=9 columns stagger=1 cycle"
141,150,"MXM.DownHalf.Native4x4.Compute","reduction=9 dst=sram"
150,156,"MXM.DownHalf.Native4x4.Tail","final launched wave drains through 4x4 diagonal"
147,150,"MEM.DownHalf.Native4x4.Activation.Read","reduction=10 K=320..351"
150,151,"MXM.DownHalf.Native4x4.Load","activation buffer=0"
139,158,"MEM.DownHalf.Native4x4.Weight.Read","reduction=10 waves=9 columns stagger=1 cycle"
154,163,"MXM.DownHalf.Native4x4.Compute","reduction=10 dst=sram"
163,169,"MXM.DownHalf.Native4x4.Tail","final launched wave drains through 4x4 diagonal"
160,163,"MEM.DownHalf.Native4x4.Activation.Read","reduction=11 K=352..383"
163,164,"MXM.DownHalf.Native4x4.Load","activation buffer=1"
152,171,"MEM.DownHalf.Native4x4.Weight.Read","reduction=11 waves=9 columns stagger=1 cycle"
167,176,"MXM.DownHalf.Native4x4.Compute","reduction=11 dst=sram"
176,182,"MXM.DownHalf.Native4x4.Tail","final launched wave drains through 4x4 diagonal"
173,176,"MEM.DownHalf.Native4x4.Activation.Read","reduction=12 K=384..415"
176,177,"MXM.DownHalf.Native4x4.Load","activation buffer=0"
165,184,"MEM.DownHalf.Native4x4.Weight.Read","reduction=12 waves=9 columns stagger=1 cycle"
180,189,"MXM.DownHalf.Native4x4.Compute","reduction=12 dst=sram"
189,195,"MXM.DownHalf.Native4x4.Tail","final launched wave drains through 4x4 diagonal"
186,189,"MEM.DownHalf.Native4x4.Activation.Read","reduction=13 K=416..447"
189,190,"MXM.DownHalf.Native4x4.Load","activation buffer=1"
178,197,"MEM.DownHalf.Native4x4.Weight.Read","reduction=13 waves=9 columns stagger=1 cycle"
193,202,"MXM.DownHalf.Native4x4.Compute","reduction=13 dst=sram"
202,208,"MXM.DownHalf.Native4x4.Tail","final launched wave drains through 4x4 diagonal"
199,202,"MEM.DownHalf.Native4x4.Activation.Read","reduction=14 K=448..479"
202,203,"MXM.DownHalf.Native4x4.Load","activation buffer=0"
191,210,"MEM.DownHalf.Native4x4.Weight.Read","reduction=14 waves=9 columns stagger=1 cycle"
206,215,"MXM.DownHalf.Native4x4.Compute","reduction=14 dst=sram"
215,221,"MXM.DownHalf.Native4x4.Tail","final launched wave drains through 4x4 diagonal"
212,215,"MEM.DownHalf.Native4x4.Activation.Read","reduction=15 K=480..511"
215,216,"MXM.DownHalf.Native4x4.Load","activation buffer=1"
204,223,"MEM.DownHalf.Native4x4.Weight.Read","reduction=15 waves=9 columns stagger=1 cycle"
219,228,"MXM.DownHalf.Native4x4.Compute","reduction=15 dst=sram"
228,234,"MXM.DownHalf.Native4x4.Tail","final launched wave drains through 4x4 diagonal"
225,228,"MEM.DownHalf.Native4x4.Activation.Read","reduction=16 K=512..543"
228,229,"MXM.DownHalf.Native4x4.Load","activation buffer=0"
217,236,"MEM.DownHalf.Native4x4.Weight.Read","reduction=16 waves=9 columns stagger=1 cycle"
232,241,"MXM.DownHalf.Native4x4.Compute","reduction=16 dst=sram"
241,247,"MXM.DownHalf.Native4x4.Tail","final launched wave drains through 4x4 diagonal"
238,241,"MEM.DownHalf.Native4x4.Activation.Read","reduction=17 K=544..575"
241,242,"MXM.DownHalf.Native4x4.Load","activation buffer=1"
230,249,"MEM.DownHalf.Native4x4.Weight.Read","reduction=17 waves=9 columns stagger=1 cycle"
245,254,"MXM.DownHalf.Native4x4.Compute","reduction=17 dst=sram"
254,260,"MXM.DownHalf.Native4x4.Tail","final launched wave drains through 4x4 diagonal"
251,254,"MEM.DownHalf.Native4x4.Activation.Read","reduction=18 K=576..607"
254,255,"MXM.DownHalf.Native4x4.Load","activation buffer=0"
243,262,"MEM.DownHalf.Native4x4.Weight.Read","reduction=18 waves=9 columns stagger=1 cycle"
258,267,"MXM.DownHalf.Native4x4.Compute","reduction=18 dst=sram"
267,273,"MXM.DownHalf.Native4x4.Tail","final launched wave drains through 4x4 diagonal"
264,267,"MEM.DownHalf.Native4x4.Activation.Read","reduction=19 K=608..639"
267,268,"MXM.DownHalf.Native4x4.Load","activation buffer=1"
256,275,"MEM.DownHalf.Native4x4.Weight.Read","reduction=19 waves=9 columns stagger=1 cycle"
271,280,"MXM.DownHalf.Native4x4.Compute","reduction=19 dst=sram"
280,286,"MXM.DownHalf.Native4x4.Tail","final launched wave drains through 4x4 diagonal"
277,280,"MEM.DownHalf.Native4x4.Activation.Read","reduction=20 K=640..671"
280,281,"MXM.DownHalf.Native4x4.Load","activation buffer=0"
269,288,"MEM.DownHalf.Native4x4.Weight.Read","reduction=20 waves=9 columns stagger=1 cycle"
284,293,"MXM.DownHalf.Native4x4.Compute","reduction=20 dst=sram"
293,299,"MXM.DownHalf.Native4x4.Tail","final launched wave drains through 4x4 diagonal"
290,293,"MEM.DownHalf.Native4x4.Activation.Read","reduction=21 K=672..703"
293,294,"MXM.DownHalf.Native4x4.Load","activation buffer=1"
282,301,"MEM.DownHalf.Native4x4.Weight.Read","reduction=21 waves=9 columns stagger=1 cycle"
297,306,"MXM.DownHalf.Native4x4.Compute","reduction=21 dst=sram"
306,312,"MXM.DownHalf.Native4x4.Tail","final launched wave drains through 4x4 diagonal"
303,306,"MEM.DownHalf.Native4x4.Activation.Read","reduction=22 K=704..735"
306,307,"MXM.DownHalf.Native4x4.Load","activation buffer=0"
295,314,"MEM.DownHalf.Native4x4.Weight.Read","reduction=22 waves=9 columns stagger=1 cycle"
310,319,"MXM.DownHalf.Native4x4.Compute","reduction=22 dst=sram"
319,325,"MXM.DownHalf.Native4x4.Tail","final launched wave drains through 4x4 diagonal"
316,319,"MEM.DownHalf.Native4x4.Activation.Read","reduction=23 K=736..767"
319,320,"MXM.DownHalf.Native4x4.Load","activation buffer=1"
308,327,"MEM.DownHalf.Native4x4.Weight.Read","reduction=23 waves=9 columns stagger=1 cycle"
323,332,"MXM.DownHalf.Native4x4.Compute","reduction=23 dst=sram"
332,338,"MXM.DownHalf.Native4x4.Tail","final launched wave drains through 4x4 diagonal"
329,332,"MEM.DownHalf.Native4x4.Activation.Read","reduction=24 K=768..799"
332,333,"MXM.DownHalf.Native4x4.Load","activation buffer=0"
321,340,"MEM.DownHalf.Native4x4.Weight.Read","reduction=24 waves=9 columns stagger=1 cycle"
336,345,"MXM.DownHalf.Native4x4.Compute","reduction=24 dst=sram"
345,351,"MXM.DownHalf.Native4x4.Tail","final launched wave drains through 4x4 diagonal"
342,345,"MEM.DownHalf.Native4x4.Activation.Read","reduction=25 K=800..831"
345,346,"MXM.DownHalf.Native4x4.Load","activation buffer=1"
334,353,"MEM.DownHalf.Native4x4.Weight.Read","reduction=25 waves=9 columns stagger=1 cycle"
349,358,"MXM.DownHalf.Native4x4.Compute","reduction=25 dst=sram"
358,364,"MXM.DownHalf.Native4x4.Tail","final launched wave drains through 4x4 diagonal"
355,358,"MEM.DownHalf.Native4x4.Activation.Read","reduction=26 K=832..863"
358,359,"MXM.DownHalf.Native4x4.Load","activation buffer=0"
347,366,"MEM.DownHalf.Native4x4.Weight.Read","reduction=26 waves=9 columns stagger=1 cycle"
362,371,"MXM.DownHalf.Native4x4.Compute","reduction=26 dst=sram"
371,377,"MXM.DownHalf.Native4x4.Tail","final launched wave drains through 4x4 diagonal"
368,371,"MEM.DownHalf.Native4x4.Activation.Read","reduction=27 K=864..895"
371,372,"MXM.DownHalf.Native4x4.Load","activation buffer=1"
360,379,"MEM.DownHalf.Native4x4.Weight.Read","reduction=27 waves=9 columns stagger=1 cycle"
375,384,"MXM.DownHalf.Native4x4.Compute","reduction=27 dst=sram"
384,390,"MXM.DownHalf.Native4x4.Tail","final launched wave drains through 4x4 diagonal"
381,384,"MEM.DownHalf.Native4x4.Activation.Read","reduction=28 K=896..927"
384,385,"MXM.DownHalf.Native4x4.Load","activation buffer=0"
373,392,"MEM.DownHalf.Native4x4.Weight.Read","reduction=28 waves=9 columns stagger=1 cycle"
388,397,"MXM.DownHalf.Native4x4.Compute","reduction=28 dst=sram"
397,403,"MXM.DownHalf.Native4x4.Tail","final launched wave drains through 4x4 diagonal"
394,397,"MEM.DownHalf.Native4x4.Activation.Read","reduction=29 K=928..959"
397,398,"MXM.DownHalf.Native4x4.Load","activation buffer=1"
386,405,"MEM.DownHalf.Native4x4.Weight.Read","reduction=29 waves=9 columns stagger=1 cycle"
401,410,"MXM.DownHalf.Native4x4.Compute","reduction=29 dst=sram"
410,416,"MXM.DownHalf.Native4x4.Tail","final launched wave drains through 4x4 diagonal"
407,410,"MEM.DownHalf.Native4x4.Activation.Read","reduction=30 K=960..991"
410,411,"MXM.DownHalf.Native4x4.Load","activation buffer=0"
399,418,"MEM.DownHalf.Native4x4.Weight.Read","reduction=30 waves=9 columns stagger=1 cycle"
414,423,"MXM.DownHalf.Native4x4.Compute","reduction=30 dst=sram"
423,429,"MXM.DownHalf.Native4x4.Tail","final launched wave drains through 4x4 diagonal"
420,423,"MEM.DownHalf.Native4x4.Activation.Read","reduction=31 K=992..1023"
423,424,"MXM.DownHalf.Native4x4.Load","activation buffer=1"
412,431,"MEM.DownHalf.Native4x4.Weight.Read","reduction=31 waves=9 columns stagger=1 cycle"
427,436,"MXM.DownHalf.Native4x4.Compute","reduction=31 dst=sram"
436,442,"MXM.DownHalf.Native4x4.Tail","final launched wave drains through 4x4 diagonal"
433,436,"MEM.DownHalf.Native4x4.Activation.Read","reduction=32 K=1024..1055"
436,437,"MXM.DownHalf.Native4x4.Load","activation buffer=0"
425,444,"MEM.DownHalf.Native4x4.Weight.Read","reduction=32 waves=9 columns stagger=1 cycle"
440,449,"MXM.DownHalf.Native4x4.Compute","reduction=32 dst=sram"
449,455,"MXM.DownHalf.Native4x4.Tail","final launched wave drains through 4x4 diagonal"
446,449,"MEM.DownHalf.Native4x4.Activation.Read","reduction=33 K=1056..1087"
449,450,"MXM.DownHalf.Native4x4.Load","activation buffer=1"
438,457,"MEM.DownHalf.Native4x4.Weight.Read","reduction=33 waves=9 columns stagger=1 cycle"
453,462,"MXM.DownHalf.Native4x4.Compute","reduction=33 dst=sram"
462,468,"MXM.DownHalf.Native4x4.Tail","final launched wave drains through 4x4 diagonal"
459,462,"MEM.DownHalf.Native4x4.Activation.Read","reduction=34 K=1088..1119"
462,463,"MXM.DownHalf.Native4x4.Load","activation buffer=0"
451,470,"MEM.DownHalf.Native4x4.Weight.Read","reduction=34 waves=9 columns stagger=1 cycle"
466,475,"MXM.DownHalf.Native4x4.Compute","reduction=34 dst=sram"
475,481,"MXM.DownHalf.Native4x4.Tail","final launched wave drains through 4x4 diagonal"
472,475,"MEM.DownHalf.Native4x4.Activation.Read","reduction=35 K=1120..1151"
475,476,"MXM.DownHalf.Native4x4.Load","activation buffer=1"
464,483,"MEM.DownHalf.Native4x4.Weight.Read","reduction=35 waves=9 columns stagger=1 cycle"
479,488,"MXM.DownHalf.Native4x4.Compute","reduction=35 dst=sram"
488,494,"MXM.DownHalf.Native4x4.Tail","final launched wave drains through 4x4 diagonal"
485,488,"MEM.DownHalf.Native4x4.Activation.Read","reduction=36 K=1152..1183"
488,489,"MXM.DownHalf.Native4x4.Load","activation buffer=0"
477,496,"MEM.DownHalf.Native4x4.Weight.Read","reduction=36 waves=9 columns stagger=1 cycle"
492,501,"MXM.DownHalf.Native4x4.Compute","reduction=36 dst=sram"
501,507,"MXM.DownHalf.Native4x4.Tail","final launched wave drains through 4x4 diagonal"
498,501,"MEM.DownHalf.Native4x4.Activation.Read","reduction=37 K=1184..1215"
501,502,"MXM.DownHalf.Native4x4.Load","activation buffer=1"
490,509,"MEM.DownHalf.Native4x4.Weight.Read","reduction=37 waves=9 columns stagger=1 cycle"
505,514,"MXM.DownHalf.Native4x4.Compute","reduction=37 dst=sram"
514,520,"MXM.DownHalf.Native4x4.Tail","final launched wave drains through 4x4 diagonal"
511,514,"MEM.DownHalf.Native4x4.Activation.Read","reduction=38 K=1216..1247"
514,515,"MXM.DownHalf.Native4x4.Load","activation buffer=0"
503,522,"MEM.DownHalf.Native4x4.Weight.Read","reduction=38 waves=9 columns stagger=1 cycle"
518,527,"MXM.DownHalf.Native4x4.Compute","reduction=38 dst=sram"
527,533,"MXM.DownHalf.Native4x4.Tail","final launched wave drains through 4x4 diagonal"
524,527,"MEM.DownHalf.Native4x4.Activation.Read","reduction=39 K=1248..1279"
527,528,"MXM.DownHalf.Native4x4.Load","activation buffer=1"
516,535,"MEM.DownHalf.Native4x4.Weight.Read","reduction=39 waves=9 columns stagger=1 cycle"
531,540,"MXM.DownHalf.Native4x4.Compute","reduction=39 dst=sram"
540,546,"MXM.DownHalf.Native4x4.Tail","final launched wave drains through 4x4 diagonal"
537,540,"MEM.DownHalf.Native4x4.Activation.Read","reduction=40 K=1280..1311"
540,541,"MXM.DownHalf.Native4x4.Load","activation buffer=0"
529,548,"MEM.DownHalf.Native4x4.Weight.Read","reduction=40 waves=9 columns stagger=1 cycle"
544,553,"MXM.DownHalf.Native4x4.Compute","reduction=40 dst=sram"
553,559,"MXM.DownHalf.Native4x4.Tail","final launched wave drains through 4x4 diagonal"
550,553,"MEM.DownHalf.Native4x4.Activation.Read","reduction=41 K=1312..1343"
553,554,"MXM.DownHalf.Native4x4.Load","activation buffer=1"
542,561,"MEM.DownHalf.Native4x4.Weight.Read","reduction=41 waves=9 columns stagger=1 cycle"
557,566,"MXM.DownHalf.Native4x4.Compute","reduction=41 dst=sram"
566,572,"MXM.DownHalf.Native4x4.Tail","final launched wave drains through 4x4 diagonal"
563,566,"MEM.DownHalf.Native4x4.Activation.Read","reduction=42 K=1344..1375"
566,567,"MXM.DownHalf.Native4x4.Load","activation buffer=0"
555,574,"MEM.DownHalf.Native4x4.Weight.Read","reduction=42 waves=9 columns stagger=1 cycle"
570,579,"MXM.DownHalf.Native4x4.Compute","reduction=42 dst=sram"
579,585,"MXM.DownHalf.Native4x4.Tail","final launched wave drains through 4x4 diagonal"
576,579,"MEM.DownHalf.Native4x4.Activation.Read","reduction=43 K=1376..1407"
579,580,"MXM.DownHalf.Native4x4.Load","activation buffer=1"
568,587,"MEM.DownHalf.Native4x4.Weight.Read","reduction=43 waves=9 columns stagger=1 cycle"
583,592,"MXM.DownHalf.Native4x4.Compute","reduction=43 dst=sram"
592,598,"MXM.DownHalf.Native4x4.Tail","final launched wave drains through 4x4 diagonal"
589,592,"MEM.DownHalf.Native4x4.Activation.Read","reduction=44 K=1408..1439"
592,593,"MXM.DownHalf.Native4x4.Load","activation buffer=0"
581,600,"MEM.DownHalf.Native4x4.Weight.Read","reduction=44 waves=9 columns stagger=1 cycle"
596,605,"MXM.DownHalf.Native4x4.Compute","reduction=44 dst=sram"
605,611,"MXM.DownHalf.Native4x4.Tail","final launched wave drains through 4x4 diagonal"
602,605,"MEM.DownHalf.Native4x4.Activation.Read","reduction=45 K=1440..1471"
605,606,"MXM.DownHalf.Native4x4.Load","activation buffer=1"
594,613,"MEM.DownHalf.Native4x4.Weight.Read","reduction=45 waves=9 columns stagger=1 cycle"
609,618,"MXM.DownHalf.Native4x4.Compute","reduction=45 dst=sram"
618,624,"MXM.DownHalf.Native4x4.Tail","final launched wave drains through 4x4 diagonal"
615,618,"MEM.DownHalf.Native4x4.Activation.Read","reduction=46 K=1472..1503"
618,619,"MXM.DownHalf.Native4x4.Load","activation buffer=0"
607,626,"MEM.DownHalf.Native4x4.Weight.Read","reduction=46 waves=9 columns stagger=1 cycle"
622,631,"MXM.DownHalf.Native4x4.Compute","reduction=46 dst=sram"
631,637,"MXM.DownHalf.Native4x4.Tail","final launched wave drains through 4x4 diagonal"
628,631,"MEM.DownHalf.Native4x4.Activation.Read","reduction=47 K=1504..1535"
631,632,"MXM.DownHalf.Native4x4.Load","activation buffer=1"
620,639,"MEM.DownHalf.Native4x4.Weight.Read","reduction=47 waves=9 columns stagger=1 cycle"
635,644,"MXM.DownHalf.Native4x4.Compute","reduction=47 dst=stream+clear"
644,650,"MXM.DownHalf.Native4x4.Tail","final launched wave drains through 4x4 diagonal"
645,654,"MEM.DownHalf.Native4x4.Output.Write","BF16 outputs=288"
